Input,NUM_ITERATION,AVERAGE_TIME,NUM_MACHINE
input-6.in,5,4.462627220153808,6
input-7.in,5,79.19785704612733,6
input-6.in,5,4.494030857086182,6
