Input,NUM_ITERATION,AVERAGE_TIME,NUM_MACHINE
input-6.in,5,4.462627220153808,6
input-7.in,5,79.19785704612733,6
input-6.in,5,4.494030857086182,7
input-7.in,5,71.73904781341552,7
input-6.in,5,2.2970007419586183,8
input-7.in,5,59.17359580993652,8
input-6.in,5,2.3237367153167723,9
input-7.in,5,57.27565622329712,9
input-6.in,5,2.2857577323913576,10
input-7.in,5,50.315134620666505,10
